"Accuracy","Precision","Recall","F1_Score"
0.923524314235243,0.885976885976886,0.972368333444304,0.927164510753115
